1st_fold,2nd_fold,3rd_fold,4th_fold,5th_fold
0.504489,0.508206,0.506483,0.505325,0.503437
0.517251,0.515533,0.513834,0.511852,0.512093
0.525861,0.522334,0.519779,0.516488,0.513823
