1st_fold,2nd_fold,3rd_fold,4th_fold,5th_fold
0.5163630750231553,0.5299475146650201,0.5217659771534424,0.5228465575794998,0.524390243902439
0.5398885400330432,0.5441980413723184,0.5416789588071667,0.5409094509538113,0.5492475017684002
0.5398885400330432,0.5441980413723184,0.5416789588071667,0.5409094509538113,0.5492475017684002
