1st_fold,2nd_fold,3rd_fold,4th_fold,5th_fold
0.5304106205619018,0.5248533497993207,0.5287125656066687,0.5304106205619018,0.5265514047545539
0.5452606542237002,0.5456086627920886,0.5477198289868166,0.5485474335869351,0.555435210403159
0.5543211254545629,0.5551884302926255,0.5611653892849009,0.5611487085126556,0.5638717730926943
